{"cameraMode":{"drawMode":0,"name":"Shaded","section":"Shading Mode"},"sceneLighting":true,"audioPlay":false,"sceneViewState":{"m_AlwaysRefresh":false,"showFog":true,"showSkybox":true,"showFlares":true,"showImageEffects":true,"showParticleSystems":true,"showVisualEffectGraphs":true,"m_FxEnabled":true},"in2DMode":false,"pivot":{"x":-21.27389907836914,"y":137.07901000976563,"z":-131.38624572753907},"rotation":{"x":-0.37057381868362429,"y":0.3639679551124573,"z":-0.16070730984210969,"w":-0.8392713069915772},"size":33.367984771728519,"orthographic":true}