{"cameraMode":{"drawMode":0,"name":"Shaded","section":"Shading Mode"},"sceneLighting":true,"audioPlay":false,"sceneViewState":{"m_AlwaysRefresh":false,"showFog":true,"showSkybox":true,"showFlares":true,"showImageEffects":true,"showParticleSystems":true,"showVisualEffectGraphs":true,"m_FxEnabled":true},"in2DMode":false,"pivot":{"x":120.59950256347656,"y":-36.68829345703125,"z":56.3055419921875},"rotation":{"x":0.33518359065055849,"y":-0.24739792943000794,"z":0.09168308973312378,"w":0.9044603109359741},"size":166.43894958496095,"orthographic":false}